Date,Actual_Close,Predicted_Close,Absolute_Error,Error_Percentage
2025-06-06,3421.9,3383.71,38.19,1.12
2025-06-09,3462.9,3422.81,40.09,1.16
2025-06-10,3471.9,3464.16,7.74,0.22
2025-06-11,3434.2,3472.78,38.58,1.12
2025-06-12,3445.7,3434.05,11.65,0.34
2025-06-13,3496.3,3444.16,52.14,1.49
2025-06-16,3515.3,3495.66,19.64,0.56
2025-06-17,3451.4,3513.33,61.93,1.79
2025-06-18,3424.0,3453.02,29.02,0.85
2025-06-19,3435.7,3422.89,12.81,0.37
2025-06-20,3393.6,3434.75,41.15,1.21
2025-06-23,3390.4,3393.41,3.01,0.09
2025-06-24,3444.8,3392.5,52.3,1.52
2025-06-25,3441.8,3445.68,3.88,0.11
2025-06-26,3441.1,3441.53,0.43,0.01
2025-06-27,3462.0,3441.69,20.31,0.59
2025-06-30,3429.7,3460.6,30.9,0.9
2025-07-01,3423.3,3430.68,7.38,0.22
2025-07-02,3400.8,3424.6,23.8,0.7
2025-07-03,3419.8,3400.97,18.83,0.55
2025-07-04,3411.7,3417.44,5.74,0.17
2025-07-07,3406.2,3410.24,4.04,0.12
2025-07-08,3383.8,3406.28,22.48,0.66
2025-07-09,3382.0,3383.22,1.22,0.04
2025-07-10,3266.0,3381.33,115.33,3.53
2025-07-11,3222.7,3270.37,47.67,1.48
2025-07-14,3252.3,3223.17,29.13,0.9
2025-07-15,3233.1,3252.28,19.18,0.59
2025-07-16,3209.2,3233.41,24.21,0.75
2025-07-17,3189.9,3211.23,21.33,0.67
2025-07-18,3158.2,3190.96,32.76,1.04
2025-07-21,3159.6,3159.63,0.03,0.0
2025-07-22,3179.1,3161.41,17.69,0.56
2025-07-23,3148.0,3179.66,31.66,1.01
2025-07-24,3135.8,3148.79,12.99,0.41
2025-07-25,3079.3,3136.67,57.37,1.86
2025-07-28,3056.0,3080.41,24.41,0.8
2025-07-29,3053.6,3057.09,3.49,0.11
2025-07-30,3036.8,3054.46,17.66,0.58
2025-07-31,3003.0,3038.14,35.14,1.17
2025-08-01,3074.4,3005.21,69.19,2.25
2025-08-04,3063.9,3075.43,11.53,0.38
2025-08-05,3032.3,3064.05,31.75,1.05
2025-08-06,3047.0,3033.69,13.31,0.44
2025-08-07,3036.4,3047.97,11.57,0.38
2025-08-08,3040.8,3037.78,3.02,0.1
2025-08-11,3035.4,3041.13,5.73,0.19
2025-08-12,3036.2,3040.2,4.0,0.13
2025-08-13,3022.3,3036.36,14.06,0.47
2025-08-14,3011.2,3024.54,13.34,0.44
2025-08-18,3016.2,3012.65,3.55,0.12
2025-08-19,3098.6,3018.12,80.48,2.6
2025-08-20,3102.6,3102.03,0.57,0.02
2025-08-21,3054.0,3104.51,50.51,1.65
2025-08-22,3140.6,3057.1,83.5,2.66
2025-08-25,3157.2,3142.29,14.91,0.47
2025-08-26,3093.7,3158.53,64.83,2.1
2025-08-28,3084.7,3095.42,10.72,0.35
2025-08-29,3112.6,3086.66,25.94,0.83
2025-09-01,3111.5,3114.5,3.0,0.1
2025-09-02,3097.5,3114.97,17.47,0.56
2025-09-03,3095.7,3099.7,4.0,0.13
2025-09-04,3048.3,3096.84,48.54,1.59
2025-09-05,3019.0,3050.03,31.03,1.03
2025-09-08,3049.4,3022.32,27.08,0.89
2025-09-09,3110.0,3052.02,57.98,1.86
2025-09-10,3124.2,3112.04,12.16,0.39
2025-09-11,3133.4,3124.74,8.66,0.28
2025-09-12,3111.9,3134.7,22.8,0.73
2025-09-15,3145.7,3111.03,34.67,1.1
2025-09-16,3172.8,3144.51,28.29,0.89
2025-09-17,3176.7,3174.04,2.66,0.08
2025-09-18,3169.2,3178.7,9.5,0.3
2025-09-19,3073.8,3169.62,95.82,3.12
2025-09-22,3062.4,3074.63,12.23,0.4
2025-09-23,3035.4,3063.01,27.61,0.91
2025-09-24,2957.4,3036.29,78.89,2.67
2025-09-25,2899.1,2961.45,62.35,2.15
2025-09-26,2896.1,2903.89,7.79,0.27
2025-09-29,2888.4,2900.41,12.01,0.42
2025-09-30,2914.2,2890.9,23.3,0.8
2025-10-01,2901.9,2915.79,13.89,0.48
2025-10-03,2988.4,2903.92,84.48,2.83
2025-10-06,2973.7,2991.39,17.69,0.59
2025-10-07,3027.2,2975.86,51.34,1.7
2025-10-08,3061.7,3029.84,31.86,1.04
2025-10-09,3028.3,3062.01,33.71,1.11
2025-10-10,3007.2,3030.79,23.59,0.78
2025-10-13,2960.3,3008.45,48.15,1.63
2025-10-14,2969.8,2962.77,7.03,0.24
2025-10-15,2970.7,2970.53,0.17,0.01
2025-10-16,2962.2,2971.45,9.25,0.31
2025-10-17,3015.2,2966.98,48.22,1.6
2025-10-20,3006.7,3018.65,11.95,0.4
2025-10-21,3073.2,3008.86,64.34,2.09
2025-10-23,3063.2,3077.27,14.07,0.46
2025-10-24,3084.9,3066.09,18.81,0.61
2025-10-27,3057.9,3085.78,27.88,0.91
2025-10-28,3057.6,3059.33,1.73,0.06
2025-10-29,3035.3,3058.31,23.01,0.76
2025-10-30,3058.0,3035.93,22.07,0.72
2025-10-31,3016.8,3058.45,41.65,1.38
2025-11-03,2990.2,3018.81,28.61,0.96
2025-11-04,3010.9,2992.69,18.21,0.6
2025-11-06,2991.8,3014.07,22.27,0.74
2025-11-07,3025.2,2992.07,33.13,1.1
2025-11-10,3047.0,3029.44,17.56,0.58
2025-11-11,3131.8,3047.88,83.92,2.68
2025-11-12,3105.7,3134.57,28.87,0.93
2025-11-13,3106.0,3106.39,0.39,0.01
2025-11-14,3102.2,3106.03,3.83,0.12
2025-11-17,3087.1,3102.5,15.4,0.5
2025-11-18,3147.7,3087.17,60.53,1.92
2025-11-19,3144.8,3148.36,3.56,0.11
2025-11-20,3150.6,3146.92,3.68,0.12
2025-11-21,3141.2,3152.76,11.56,0.37
2025-11-24,3119.2,3145.31,26.11,0.84
2025-11-25,3162.9,3121.59,41.31,1.31
2025-11-26,3136.6,3165.76,29.16,0.93
2025-11-27,3137.5,3138.83,1.33,0.04
2025-11-28,3133.4,3138.68,5.28,0.17
2025-12-01,3135.7,3135.31,0.39,0.01
2025-12-02,3180.0,3135.41,44.59,1.4
2025-12-03,3229.2,3184.64,44.56,1.38
2025-12-04,3238.2,3232.98,5.22,0.16
2025-12-05,3236.5,3243.04,6.54,0.2
2025-12-08,3208.3,3238.32,30.02,0.94
2025-12-09,3189.2,3207.69,18.49,0.58
2025-12-10,3191.9,3188.99,2.91,0.09
2025-12-11,3220.5,3190.05,30.45,0.95
2025-12-12,3230.2,3220.49,9.71,0.3
2025-12-15,3205.1,3231.62,26.52,0.83
2025-12-16,3217.8,3205.0,12.8,0.4
2025-12-17,3280.8,3220.8,60.0,1.83
2025-12-18,3282.0,3282.81,0.81,0.02
2025-12-19,3324.9,3286.06,38.84,1.17
2025-12-22,3310.0,3325.74,15.74,0.48
2025-12-23,3319.0,3309.76,9.24,0.28
2025-12-24,3280.0,3318.64,38.64,1.18
2025-12-26,3251.5,3279.62,28.12,0.86
2025-12-29,3246.8,3251.22,4.42,0.14
2025-12-30,3206.2,3248.01,41.81,1.3
2025-12-31,3227.4,3207.76,19.64,0.61
2026-01-01,3250.7,3227.72,22.98,0.71
2026-01-02,3216.1,3250.78,34.68,1.08
2026-01-05,3255.8,3216.3,39.5,1.21
2026-01-06,3295.6,3257.7,37.9,1.15
2026-01-07,3203.9,3295.94,92.04,2.87
2026-01-08,3207.8,3204.85,2.95,0.09
2026-01-09,3239.6,3209.44,30.16,0.93
2026-01-12,3268.0,3238.29,29.71,0.91
2026-01-13,3192.5,3267.6,75.1,2.35
2026-01-14,3192.5,3193.83,1.33,0.04
2026-01-15,3206.7,3192.0,14.7,0.46
2026-01-16,3163.6,3206.14,42.54,1.34
2026-01-19,3102.3,3167.32,65.02,2.1
2026-01-20,3122.6,3105.59,17.01,0.54
2026-01-21,3150.4,3124.15,26.25,0.83
2026-01-22,3162.5,3150.65,11.85,0.37
2026-01-23,3158.0,3164.55,6.55,0.21
2026-01-27,3200.1,3158.1,42.0,1.31
2026-01-28,3144.4,3200.44,56.04,1.78
2026-01-29,3123.9,3145.51,21.61,0.69
2026-01-30,3169.6,3123.08,46.52,1.47
2026-02-02,3225.3,3168.63,56.67,1.76
2026-02-03,2999.1,3227.12,228.02,7.6
2026-02-04,2991.5,3004.58,13.08,0.44
2026-02-05,2941.6,2995.34,53.74,1.83
2026-02-06,2948.2,2943.89,4.31,0.15
2026-02-09,2984.6,2952.04,32.56,1.09
2026-02-10,2909.8,2991.11,81.31,2.79
2026-02-11,2750.1,2917.02,166.92,6.07
2026-02-12,2692.2,2760.1,67.9,2.52
2026-02-13,2706.6,2701.33,5.27,0.19
2026-02-16,2717.4,2711.61,5.79,0.21
2026-02-17,2694.9,2726.16,31.26,1.16
2026-02-18,2677.9,2700.16,22.26,0.83
2026-02-19,2686.2,2688.28,2.08,0.08
2026-02-20,2676.3,2691.64,15.34,0.57
2026-02-23,2573.7,2681.62,107.92,4.19
2026-02-24,2629.3,2581.48,47.82,1.82
2026-02-25,2647.7,2636.81,10.89,0.41
2026-02-26,2637.4,2653.92,16.52,0.63
2026-02-27,2613.5,2643.51,30.01,1.15
2026-03-02,2587.8,2617.18,29.38,1.14
2026-03-04,2578.8,2592.22,13.42,0.52
2026-03-05,2557.6,2581.82,24.22,0.95
2026-03-06,2527.4,2566.19,38.79,1.53
2026-03-09,2513.1,2532.37,19.27,0.77
2026-03-10,2464.9,2516.2,51.3,2.08
2026-03-11,2442.4,2469.93,27.53,1.13
2026-03-12,2410.5,2446.78,36.28,1.51
2026-03-13,2409.2,2414.34,5.14,0.21
2026-03-16,2391.7,2411.69,19.99,0.84
2026-03-17,2440.8,2394.93,45.87,1.88
2026-03-18,2356.0,2448.34,92.34,3.92
2026-03-19,2390.6,2360.95,29.65,1.24
2026-03-20,2383.8,2394.69,10.89,0.46
2026-03-23,2398.8,2388.46,10.34,0.43
2026-03-24,2377.4,2404.13,26.73,1.12
2026-03-25,2389.8,2383.68,6.12,0.26
2026-03-27,2358.9,2395.45,36.55,1.55
2026-03-30,2408.2,2364.95,43.25,1.8
2026-04-01,2450.7,2416.19,34.51,1.41
2026-04-02,2473.9,2456.9,17.0,0.69
2026-04-06,2539.8,2477.15,62.65,2.47
2026-04-07,2559.2,2544.25,14.95,0.58
2026-04-08,2589.0,2562.97,26.03,1.01
2026-04-09,2524.3,2592.74,68.44,2.71
2026-04-10,2472.6,2527.42,54.82,2.22
2026-04-13,2554.9,2476.82,78.08,3.06
2026-04-15,2576.9,2557.88,19.02,0.74
2026-04-16,2581.5,2580.47,1.03,0.04
2026-04-17,2579.6,2584.03,4.43,0.17
2026-04-20,2610.5,2582.23,28.27,1.08
2026-04-21,2538.5,2613.45,74.95,2.95
2026-04-22,2521.8,2540.84,19.04,0.75
2026-04-23,2396.9,2526.97,130.07,5.43
2026-04-24,2447.6,2403.56,44.04,1.8
2026-04-27,2444.7,2452.74,8.04,0.33
2026-04-28,2474.7,2451.28,23.42,0.95
2026-04-29,2473.9,2479.42,5.52,0.22
2026-04-30,2473.9,2476.9,3.0,0.12
2026-05-01,2431.3,2477.16,45.86,1.89
2026-05-04,2427.3,2437.51,10.21,0.42
2026-05-05,2435.4,2432.45,2.95,0.12
2026-05-06,2401.4,2439.37,37.97,1.58
2026-05-07,2394.4,2405.84,11.44,0.48
2026-05-08,2392.9,2397.24,4.34,0.18
2026-05-11,2300.3,2396.88,96.58,4.2
2026-05-12,2272.8,2305.26,32.46,1.43
2026-05-13,2246.0,2277.45,31.45,1.4
2026-05-14,2264.0,2249.69,14.31,0.63
2026-05-15,2283.2,2271.84,11.36,0.5
2026-05-18,2327.1,2288.22,38.88,1.67
2026-05-19,2327.4,2337.71,10.31,0.44
2026-05-20,2327.2,2331.86,4.66,0.2
2026-05-21,2317.3,2329.98,12.68,0.55
2026-05-22,2308.2,2320.88,12.68,0.55
2026-05-25,2276.2,2310.66,34.46,1.51
2026-05-26,2284.2,2281.18,3.02,0.13
2026-05-27,2284.2,2287.21,3.01,0.13
2026-05-28,2258.9,2286.34,27.44,1.21
2026-05-29,2297.4,2268.5,28.9,1.26
2026-06-01,2446.9,2306.84,140.06,5.72
2026-06-02,2241.7,2456.34,214.64,9.58
2026-06-03,2241.0,2252.65,11.65,0.52
2026-06-04,2198.9,2245.41,46.52,2.12
2026-06-05,2151.4,2205.63,54.23,2.52
2026-06-08,2151.0,2156.63,5.63,0.26
2026-06-09,2153.9,2155.8,1.9,0.09
2026-06-10,2135.6,2161.16,25.56,1.2
2026-06-11,2161.4,2141.97,19.43,0.9
2026-06-12,2162.0,2167.04,5.04,0.23
2026-06-15,2199.0,2168.78,30.22,1.37
2026-06-16,2223.0,2205.35,17.65,0.79
2026-06-17,2203.3,2228.56,25.26,1.15
2026-06-18,2125.0,2207.79,82.79,3.9
2026-06-19,2127.8,2130.4,2.6,0.12
2026-06-22,2059.6,2132.16,72.56,3.52
2026-06-23,2109.0,2065.56,43.44,2.06
2026-06-24,2094.7,2115.48,20.78,0.99
2026-06-25,2094.7,2102.67,7.97,0.38
2026-06-26,2097.9,2099.93,2.03,0.1
2026-06-29,2031.5,2103.46,71.96,3.54
2026-06-30,1982.6,2039.7,57.1,2.88
2026-07-01,2068.1,1990.74,77.36,3.74
2026-07-02,2093.5,2075.28,18.22,0.87
2026-07-03,2057.6,2100.69,43.09,2.09
2026-07-06,2096.1,2063.36,32.74,1.56
2026-07-07,2057.5,2103.78,46.28,2.25
2026-07-08,2049.5,2063.89,14.39,0.7
2026-07-09,2069.0,2053.59,15.41,0.74
2026-07-10,2181.5,2078.45,103.05,4.72
2026-07-13,2200.6,2191.73,8.87,0.4
2026-07-14,2189.2,2209.54,20.34,0.93
2026-07-15,2201.0,2193.73,7.27,0.33
2026-07-16,2269.0,2206.91,62.09,2.74
2026-07-17,2251.1,2272.79,21.69,0.96
2026-07-20,2221.1,2255.3,34.2,1.54
2026-07-21,2208.3,2227.09,18.79,0.85
2026-07-22,2242.9,2212.21,30.69,1.37
2026-07-23,2254.3,2246.29,8.01,0.36
2026-07-24,2295.6,2259.76,35.84,1.56
2026-07-27,2398.0,2301.05,96.95,4.04
2026-07-28,2446.6,2405.78,40.82,1.67
2026-07-29,2431.8,2452.84,21.04,0.87
2026-07-30,2365.6,2440.28,74.68,3.16
2026-07-31,2473.7,2366.28,107.42,4.34
2026-08-03,2460.0,2475.24,15.24,0.62
2026-08-04,2413.0,2460.39,47.39,1.96
2026-08-05,2373.0,2415.8,42.8,1.8
2026-08-06,2452.7,2377.17,75.53,3.08
2026-08-07,2425.7,2455.88,30.18,1.24
2026-08-10,2445.7,2430.84,14.86,0.61
2026-08-11,2349.7,2449.15,99.45,4.23
2026-08-12,2375.0,2353.72,21.28,0.9
2026-08-13,2361.0,2377.24,16.24,0.69
2026-08-14,2313.2,2364.54,51.34,2.22
2026-08-17,2280.0,2318.01,38.01,1.67
2026-08-18,2289.0,2284.36,4.64,0.2
2026-08-19,2298.0,2292.79,5.21,0.23
2026-08-20,2302.0,2303.8,1.8,0.08
2026-08-21,2284.1,2304.53,20.43,0.89
2026-08-24,2296.2,2289.81,6.39,0.28
2026-08-25,2270.0,2299.66,29.66,1.31
2026-08-26,2248.4,2275.18,26.78,1.19
2026-08-27,2342.0,2252.43,89.57,3.82
2026-08-28,2399.3,2346.84,52.46,2.19
2026-08-31,2369.0,2401.07,32.07,1.35
2026-09-01,2348.0,2371.77,23.77,1.01
2026-09-02,2320.1,2349.91,29.81,1.28
2026-09-03,2304.0,2323.45,19.45,0.84
2026-09-04,2270.0,2311.14,41.14,1.81
2026-09-07,2255.5,2274.8,19.3,0.86
2026-09-08,2208.0,2259.55,51.55,2.33
2026-09-09,2204.1,2212.17,8.07,0.37
2026-09-10,2200.8,2210.45,9.65,0.44
2026-09-11,2200.8,2208.55,7.75,0.35
2026-09-14,2251.0,2204.88,46.12,2.05
2026-09-15,2188.8,2262.47,73.67,3.37
2026-09-16,2190.0,2195.96,5.96,0.27
2026-09-17,2105.0,2200.07,95.07,4.52
2026-09-18,2128.7,2110.2,18.5,0.87
2026-09-21,2105.0,2132.46,27.46,1.3
2026-09-22,2089.6,2109.4,19.8,0.95
2026-09-23,2087.0,2093.62,6.62,0.32
2026-09-24,2082.0,2091.68,9.68,0.46
2026-09-25,2070.7,2086.55,15.85,0.77
2026-09-28,2032.4,2074.77,42.37,2.08
2026-09-29,2050.6,2040.3,10.3,0.5
2026-09-30,2075.0,2059.27,15.73,0.76
